{
    "accuracy": 0.8955,
    "precision": 0.9078546208772508,
    "recall": 0.8955,
    "f1_score": 0.8984433961247553
}